Name,by,Substack URL,X URL
Forgd,Forgd,https://content.forgd.com/,
Auditless,Peteris Erins,https://research.auditless.com/,https://x.com/p_e
The MoneyVerse,Naly,https://moneyverse.substack.com/,https://twitter.com/defi_naly
Sunday Morning Markets,Alpha Vantage,https://sundaymorningmarkets.substack.com/,https://twitter.com/alpha_vantage
M31 Capital,Nathan Montone,https://m31capital.substack.com/,https://twitter.com/NathanMontone
Unsyndicated,Mason Nystrom,https://www.masonnystrom.com/,https://twitter.com/masonnystrom
SW(ShawnWang)’s Newsletter,SW-ShawnWang,https://shawnwang.substack.com/,
The Bitcoin Letter,Matthew Pettigrew,https://thebitcoinletter.substack.com/,
The Till,Mark Phillips,https://thetill.substack.com/,https://x.com/Farkus5000
Mahesh’s Substack,Mahesh Mannava,https://maheshmannava.substack.com/,
Juan’s Substack,Juan Granados,0xjsg.substack.com/,
Chandan web3,Chandan,https://iamchandan.substack.com/,
Denken’s Tritsch-Tratsch Letter,Denken Chen,https://denkeni.substack.com/,
Christopher's Perceptions,C.M.P.,https://cmpgfb.substack.com/,https://x.com/CMPGFB
Bastion’s Commodity Views,https://substack.com/@pendingdeletionc4450735d3d94a5?utm_source=about-page,https://pendingdeletionf0586555100f4d5.substack.com/,
bHeau’s Newsletter,bHeau,https://bheau.substack.com/,https://x.com/bh359
BitcoinStrategy,Root,https://bitcoinstrategy.substack.com/,https://x.com/therationalroot
Blockchain & Booze,Adam Levy,https://blockchainbooze.substack.com/,https://x.com/BCBooze
BlockChannel,https://blockchannel.substack.com/,https://blockchannel.substack.com/,
Bootstrapping Kiwi,Tim Daubenschütz,https://bootstrappingkiwi.substack.com/,
Buffalu's Substack,Lucas Bruder ,https://buffalu.substack.com/,https://x.com/buffalu__
by ethereumprice.org,Nick Cannon,https://validity.substack.com/,
Citrini Research,Citrini,https://www.citriniresearch.com/,https://x.com/Citrini7
Coin Gazette,Jiya Rizvi,https://cryptonook.substack.com/,https://x.com/r_wajiha
Coin98 Analytics,imleanh ,https://coin98analytics.substack.com/,https://x.com/Coin98Analytics
Continually Better,Anthony Lynch,https://www.continuallybetter.com/,https://x.com/anthonylynch37
Cronos POS Chain Newsletter,Cronos POS Chain ,https://blog.cronos-pos.org/,https://x.com/cronos_chain
Crypto by the Pixel,Crypto Pixel (Vlad Totia),https://cryptopixel.substack.com/,
Crypto Clarity,Sam Andrew,https://samuelandrew.substack.com/,
Crypto Market Frameworks | 0xHamZ,,https://0xhamz.substack.com/,
"Crypto, Distilled","Crypto, Distilled",https://cryptodistilled.substack.com/,https://x.com/distilledcrypto
Cubic Analytics,Caleb Franzen,https://cubicanalytics.substack.com/,https://x.com/CalebFranzen
DA's and CPAs,Matt Maraia,https://mattmaraia.substack.com/,https://x.com/iZamboni
Decentral Park Research,Kelly Ye ,https://decentralparkcapital.substack.com/,https://x.com/DPCio
Token Tuesdays,Coopahtroopa,https://tokentuesdays.substack.com/,https://x.com/Cooopahtroopa
Defiprime Newsletter,defiprime,https://defiprime.substack.com/,https://x.com/defiprime
DeFiPrincess’ Letters,DeFiPrincess ,https://defiprincess.substack.com/,https://x.com/defiprincess_
Strong As An Ox,BowTiedOx ,www.bowtiedox.io/ ,https://x.com/BowTiedOx
,,,
Web3 Growth by Intract,Intract ,https://www.blogs.intract.io/,https://x.com/IntractBuzz
Web3 Legal Commentary,Max Burwick,https://maxburwick.substack.com/,https://x.com/burwick_max
The Credit Writedowns Newsletter,Edward Harrison,,
Web3Brand | 做全球化时代的超级个体,starzq,https://www.web3brand.io/,https://x.com/starzqeth
zkApe,zkApe,https://zkape.substack.com/,
The Daily Bolt by Revelo Intel,Daniel Napier ,https://revelointel.substack.com/,https://x.com/ReveloIntel
The Bitstein Brief,Michael Goldstein,https://bitstein.substack.com/,
The Cryptonite Weekly Rap,Anthony Perkins,https://cryptoniteventures.substack.com/,https://x.com/CryptoniteRap
The CryptRowe Newsletter,Matt Rowe,https://cryptrowe.substack.com/,https://x.com/mattrowsboats
Macrolens,Brian Mccarthy,https://macrolens.substack.com/,https://x.com/briangobosox
OnlyQuants - Algorithmic Trading Strategies,OnlyQuants - AlgoTrading ,https://onlyquants.substack.com/,https://x.com/onlyquants
Prometheus Research,Prometheus Research,https://prometheusresearch.substack.com/,https://x.com/prometheusmacro
The Thinking Crypto Report,Thinking Crypto Podcast ,https://thinkingcrypto.substack.com/,https://x.com/ThinkingCrypto1
Trading Engineered from TraderLion,Richard Moglen,https://tradingengineered.substack.com/,https://x.com/RichardMoglen
Blue Collar Blockchain ,Blue Collar Blockchain ,https://bluecollarblockchain.substack.com/,
Chain Reaction,Chain Reaction,https://chainr3action.substack.com/,https://x.com/chainreactioni0
Checkonchain Newsletter,James Check (Checkmatey),https://newsletter.checkonchain.com/,https://x.com/_Checkmatey_
Blockchain From First Principle,Filip Novakovic ,https://blockchainfromfirstprinciple.substack.com/,
BlockchainAsia,Coco Kee ,https://blockchainasia.substack.com/,https://x.com/keeglobal
Can Do,Alina Okun,https://alinaokun.substack.com/,
ChainML,ChainML,https://chainml.substack.com/archive,
coinfam,Aditya (dwivediji.eth) ,https://coinfam.substack.com/,
Complexity Condensed,Louis Pereira ,https://www.complexitycondensed.com/,
Dark Markets,David Z. Morris,https://davidzmorris.substack.com/,https://x.com/davidzmorris
FX Macro,FXMacroGuy,https://www.fxmacro.info/,
Hashed Open Dialogue for Law,HODL,https://hashedhodl.substack.com/,https://x.com/Hashedem
Letters from a Zeneca,Zeneca ,https://zeneca33.substack.com/,https://x.com/Zeneca_33
Leviathan News - The Tentacle,Leviathan News ,https://leviathannews.substack.com/,https://x.com/leviathan_news
Linas's Newsletter,Linas Beliūnas,https://linas.substack.com/,https://x.com/linasbeliunas
Macro4Micro,Glenn Reynolds,https://www.macro4micro.com/,
Morning Minute,Lucky Trader,https://newsletter.luckytrader.com/,https://x.com/LuckyTraderHQ
mrgn. ,Anders ,https://mrgn.substack.com/,https://x.com/ponzirespecter
"Newsletter by Developer Studio, Polygon Labs",Developer Studio,https://polygondeveloperstudio.substack.com/,
Not Investing Advice,Anthony Lee Zhang,https://anthonyleezhang.substack.com/,
Ordinals' Substack,Ordinals Global,https://ordinalsglobal.substack.com/,https://x.com/OrdinalsGlobal_
Ouroboros’s Substack,Ouroboros Capital ,https://ouroborosresearch.substack.com/,https://x.com/OuroborosCap8
Pine’s Substack,Pine Analytics ,https://pineanalytics.substack.com/,https://x.com/PineAnalytics
Pyth2,The Pyth Network Newsletter,https://pyth.substack.com/,
Racing Crypto Club,Finish 🏁 ,https://0xfinish.substack.com/,https://x.com/0xFinish
Reflexivity Round-Up,Reflexivity Research ,https://reflexivityresearch.substack.com/,https://x.com/reflexivityres
RxR Research,RxR,https://rxrreserach.substack.com/,
TangChan’s Garage,TangChan,https://tangchan.substack.com/,https://x.com/TangChan0x
The Axial Studio,Andrew Chang,https://theaxialstudio.substack.com/,
The Lumos Meta-letter 💌,BUIDL.so,https://lumosmetaverse.substack.com/,
The Non-Economist,The Non-Economist ,https://thenoneconomist.substack.com/,https://x.com/non_economist
The Summer of Bitcoin Experience,Summer of Bitcoin ,https://summerofbitcoin.substack.com/,
THORWallet DEX,THORWallet ,https://thorwallet.substack.com/,https://x.com/THORWalletDEX
Voynich's Adventure,Voynich's Adventure ,https://voynichsadventure.substack.com/,https://x.com/v_theyounger
Web3 Infrastructure VC Funding Insights,Web3 VC Funding Insights,https://mtavers.substack.com/,
Web3PMs,Web3PMs ,https://web3pms.substack.com/,
What's Up BLR!,BLRxZo,https://blrxzo.substack.com/,
Xenophon's Lab,Xenophon Labs,https://xenophonlabs.substack.com/,
Connecting the dots in Payments,Marcel van Oost,https://payments1connectingthedots.substack.com/,https://x.com/oost_marcel
Cointribune,Luc José ,https://newsletter-en.cointribune.com/,https://x.com/CoinTribuneFR
Fix the money.,Niko Jilch,https://www.fixthemoney.net/,https://x.com/nikojilch
Hyperithm Research Blog,Hyperithm,https://hyperithm.substack.com/,https://x.com/hyperithm
K-Capital newsletter,Alex Green ,https://kcapital.substack.com/,https://x.com/K__Capital
Mike McCoy,Mike McCoy ,https://mikemccoy.substack.com/,https://x.com/emceecoy_
NotCryptoBro's Memo,Rohan Handa ,https://notcryptobro.substack.com/,https://x.com/NotCryptoBro
on xyz,caitlin pintavorn,https://onxyz.substack.com/,https://x.com/caitlinxyz
On-Chain Insights, Leon Waidmann ,https://leonwaidmann.substack.com/,
OnAnalytics,OnAnalytics ,https://oscarquiroga.substack.com/,https://x.com/piloniet
One Click Crypto,One Click Crypto ,https://oneclickcrypto.substack.com/,https://x.com/oneclickcrypto
Stay up to date on DeFi & Velvet,Velvet.Capital ,https://blog.velvet.capital/,https://x.com/Velvet_Capital
Stuffed Blocks,Tony Sheng,https://tonysheng.substack.com/,
DAOmeter Digest,StableLab,https://daometer.substack.com/,
dGen Network,,https://dgennetwork.substack.com/,
Equinox Edge | Nibiru Chain Newsletter,Unique Divine,https://nibiruchain.substack.com/,
Web3 Python Weekly,Head Snake,https://pythonweekly.substack.com/,
Fuerte finance,fuerte,https://fuerte.substack.com/,
Levels of Wealth Blog,Taylor,https://levelsofwealth.substack.com/,https://x.com/taylorawelch
Epic Web3,Epic Web3,https://epicweb3.substack.com/,https://x.com/epicweb3
DIVE INTO CRYPTO,Lawrence,https://diveintocrypto.xyz/,https://x.com/lawrence_crypt
Degenz Crypto/NFT Morning Update,,https://degenz.substack.com/,https://x.com/degenzNFT
CryptoGucci’s Newsletter,CryptoGucci,https://cryptogucci.substack.com/,https://x.com/CryptoGucci
Bspeak! - Cryptocurrency/Blockchain,TheCoffeeTimes ☕,https://www.bspeak.xyz/,https://x.com/CoffeeTimesTW
Jay’s Substack,Jay,https://www.jaypeg.me/,https://x.com/0xjaypeg
LayerX AI・LLM Newsletter,th_sat ,https://layerxnews.substack.com/,https://x.com/th_sat
Swagtimus.eth🦇🔊L2'22’s Newsletter,Swagtimus.eth🦇🔊L2'22,https://swagtimus.substack.com/,
synschismo research,synschismo research,https://newsletter.synschismo.com/,https://x.com/synschismo
Sporting Crypto,,https://newsletter.sportingcrypto.com/,https://x.com/_SportingCrypto
OurNetwork.xyz - Onchain Research Platform,Spencer Noon,https://www.ournetwork.xyz/,https://x.com/ournetwork__
One Big Idea,austin,https://austinhurwitz.substack.com/,https://x.com/austin_hurwitz
Web3 Academy,Web3 Academy,https://newsletter.w3academy.io/,https://x.com/KyleReidhead
"Daily Crypto News Virtual Currency, Blockchain, NFT, DeFi",nobumei,https://nobumei.substack.com/,https://x.com/nobu_mei
Daily Web3,Sheep@DailyWeb3 ,https://dailyweb3.substack.com/,https://x.com/dailyweb3
Weekly Recap on the Crypto ecosystem,th_sat,https://thsatcrypto.substack.com/,
web3 Research SPAIN,mitsui,https://www.spain.web3research.io/,https://x.com/koheimitsui_
Emoote,https://substack.com/@emoote?utm_source=about-page,https://emoote.substack.com/,https://x.com/emoote_
oneseep Newsletter,Sai,https://oneseep.substack.com/,https://x.com/harukatarotaro
Web3 Times Magazine: Pig Cafe Manager's Newsletter,Shoji @Web3Times Editor-in-Chief,https://web30times.substack.com/,https://x.com/yuichiro0802
Yamakuro-chan's email newsletter 🧬🌸,Yamakurochan🧬🌸,https://yamakuro.substack.com/,
_Unit Testing,Rand Hindi ,https://randhindi.substack.com/,https://twitter.com/randhindi
@mhonkasalo,mhonkasalo,https://mhonkasalo.substack.com/,https://twitter.com/mhonkasalo
🌊Newsletter for creators who want to ride the wave of the next trend,Kuromasuo🇺🇸NEXT NOW,https://kuromasuonftletter.substack.com/,https://x.com/kuromasuo
🧠 2nd Brain VC,Julien I 2nd Brain VC ,https://2ndbrainvc.substack.com/,
0xfearsomelamb’s Newsletter,0xfearsomelamb,https://0xfearsomelamb.substack.com/,
0xKyle's Research,0xKyle,https://0xkyle.substack.com/,https://twitter.com/0xkyle__
0xStacker's Newsletter,Sistine Research,https://cryptostackers.substack.com/,
0xYakitori’s Delirium,,https://0xyakitori.substack.com/,
1confirmation Newsletter,https://1confirmation.substack.com/,https://1confirmation.substack.com/,
2lambroz.eth’s Substack,https://2lambroz.substack.com/,https://2lambroz.substack.com/,https://twitter.com/2lambro
5 Points,Sam Haskell,https://fivepoint.substack.com/,
10x Research,10x Research,https://post.10xresearch.co/,https://twitter.com/10x_Research
10x Research Market Updates,10x Research,https://post.10xresearch.co/,https://x.com/10x_Research
"30,000 Feet",Andrew Beal ,https://30000feet.substack.com/,https://twitter.com/ajbeal
A slight airdrop of alpha,Mingo Airdrop,https://mingoairdrop.substack.com/,https://twitter.com/MingoAirdrop
Aave,Aave,https://aave.substack.com/,https://twitter.com/aave
AdamSCochran,Thoughts from Adam Cochran,https://adamscochran.substack.com/,https://twitter.com/adamscochran
Airdrop Alpha by DeFi Trader,DeFiTrader,https://alphaleak.substack.com/,
AKIRA’s Newsletter,AKIRA ,https://akirablog.substack.com/,https://x.com/akira_enliber
Alex Danco’s Newsletter,Alex Danco,https://danco.substack.com/,https://twitter.com/Alex_Danco
All About Trading!,Sofien Kaabar,https://abouttrading.substack.com/,https://twitter.com/kaabar_sofien
All things fuzzy,Antonio Viggiano,https://allthingsfuzzy.substack.com/,https://twitter.com/agfviggiano
Alpha Alarm,Nick Chong ,https://alphaalarm.substack.com/,
Alpha Alarm | Powered by Covalent,,https://alphaalarmhq.substack.com/,https://x.com/AlphaAlarm_HQ
Alpha Made Here,Alpha Made Here,https://alphamadehere.substack.com/, https://x.com/DeFi_Made_Here
Alpha Mail,Alpha Mail,https://getalphamail.substack.com/,
alpha please,Aylo,https://www.alphaplease.com/,https://twitter.com/alpha_pls
Alpha Rush,Alpha Rush,https://alpharush.substack.com/,
AlphaGrowth’s Newsletter,Michael,https://alphagrowth.substack.com/,https://twitter.com/alphagrowth1
https://benlakoff.substack.com/,Ben Lakoff ,https://benlakoff.substack.com/,https://twitter.com/benlakoff
Altcoin Cheat Sheet by Mehdi Farooq,Mehdi Farooq,https://mehdifarooq.substack.com/,
Altcoin Investing Picks,The Altcoin Investor,https://www.altcoininvesting.co/,https://x.com/altcoinvesting
Aludra Newsletter,https://aludra.substack.com/,https://aludra.substack.com/,
Amber Labs,Steven Shi ,https://amberlabs.substack.com/,https://x.com/skatensurf_
Amberdata Derivatives,@g_vol,https://amberdataderivatives.substack.com/,https://x.com/genesisvol
Amentum Capital,Amentum Newsletter,https://amentum.substack.com/,
Ampleforth,Matthew,https://matthewa58.substack.com/,
An Economic Pattern Language,Oliver Beige,https://econpatterns.substack.com/,https://twitter.com/oliverbeige
Andy’s Alpha,Andy,https://ayyyeandy.substack.com/,https://twitter.com/ayyyeandy
Another Day in Crypto,DeFi Advisoor,https://defiadvisoor.substack.com/,https://twitter.com/DAdvisoor
Ansem’s Newsletter,,https://blknoiz06.substack.com/,
Antalpha Labs,Antalpha Labs,https://antalphalabs.substack.com/,https://twitter.com/Antalpha_Labs
Aptos Sonar Newsletter,Aptos Sonar ,https://aptossonar.substack.com/,
Aragon Network,Aragon,https://aragon.substack.com/,https://twitter.com/AragonProject
Arbitrum DAO News,Arbitrum DAO News ,arbitrumdaonews.substack.com,https://twitter.com/ArbitrumNewsDAO
Arete Research,McKenna,https://areteresearch.substack.com/,https://twitter.com/Crypto_McKenna
Arnav’s Writings,Arnav Pagidyala,https://arnavpagidyala.substack.com/archive,
Artemis Big Fundamentals in Crypto,Jon Ma ,https://research.artemis.xyz/,https://x.com/Artemis__xyz
ASXN,ASXN,https://newsletter.asxn.xyz/,https://twitter.com/asxn_r
Average - This Week,Dystopia Labs,https://dystopialabs.substack.com/,
Balajis.com,Balaji,https://balajis.com/,https://twitter.com/balajis?ref=balajis.ghost.io
Bankless DAO,Bankless,https://banklessdao.substack.com/,https://twitter.com/banklessDAO
Bear Market Apes,Bear Market Apes ,https://cryptoalphaalert.substack.com/,https://twitter.com/BearMarketApes
BEEFCOIN,Joe Rodgers,https://beefcoin.substack.com/,https://twitter.com/_beefcoin
Beyond Web3 ,Arhat Bhagwatkar,https://beyondweb3.substack.com/,https://twitter.com/0xArhat
Bismarck Brief,Samo Burja,https://brief.bismarckanalysis.com/,https://twitter.com/bismarckanlys
Bitcoin archive,Bitcoin archive,https://bitcoinarchive.substack.com/,https://twitter.com/BTC_Archive
Bitcoin Design Community Update,Christoph Ono,https://bitcoindesign.substack.com/,https://twitter.com/GBKS
Bitcoin Magazine Pro™,Bitcoin Magazine Pro,https://bmpro.substack.com/,https://twitter.com/BitcoinMagPro
Blockcrunch VIP,Blockcrunch VIP,https://blockcrunch.substack.com/,https://twitter.com/theBlockcrunch
Blockware Intelligence Newsletter,Blockware,https://newsletter.blockwareintelligence.com/,https://twitter.com/blockwareteam
Boardroom,Boardroom,https://governance.substack.com/,https://twitter.com/boardroom_info
"Bobrowsky Newsletter: AI, Tech, Finance & Life",Josh Bobrowsky,https://bobrowsky.substack.com/,https://x.com/JoshBobrowsky
BowTied Biohacking,BowTied Biohacker,https://bowtiedbiohacker.com/,https://twitter.com/BowTiedUM
BowTiedBull,BowTied Bull,https://bowtiedbull.io/,https://twitter.com/BowTiedBull
BowTiedPickle’s Pickle Jar,BowTiedPickle ,https://bowtiedpickle.substack.com/,https://twitter.com/BowTiedPickle
Brukhman on Blockchain,Jake Brukhman,https://brukhman.substack.com/,
Buffalu’s Substack,Lucas Bruder,https://buffalu.substack.com/,https://twitter.com/buffalu__
ByteByteGo,ByteByteGo,https://blog.bytebytego.com/,https://twitter.com/bytebytego
Calc’s Substack,Calc,https://calc.substack.com/,
Carbono Insights,Carbono,https://carbono.substack.com/,https://twitter.com/carbono_com
CARV,CARV,https://newsletter.carv.io/,https://twitter.com/carv_official
Cashless,Rich Turrin,https://richturrin.substack.com/,https://twitter.com/richardturrin
cdixon,cdixon,https://cdixon.substack.com/,https://twitter.com/cdixon
Certora’s Newsletter,Certora ,https://certoranews.substack.com/,
Ceteris Paribus,michaellwy,https://michaellwy.substack.com/,https://twitter.com/michael_lwy
Chainbase,Chainbase,https://chainbase.substack.com/,
Charlie Edwards,CharlieIDT,https://pixelink.substack.com/,https://twitter.com/CharlieIDT
Chop’s Crypto,Chop,https://chopcrypto.substack.com/,
Christopher’s Substack,Christopher Kaczmarczyk-Smith,https://chriseconomics.substack.com/,https://twitter.com/Chris_Economics
CleanCoin,Ubaid,https://cleancoin.substack.com/,
Cobie,Cobie,https://cobie.substack.com/,https://twitter.com/cobie
Coin Center,Coin Center,https://www.newsletter.coincenter.org/,https://twitter.com/coincenter
Coin Metrics' State of the Network,Matias Andrade,https://coinmetrics.substack.com/,https://twitter.com/matiasandroid_
CoinSheet,Dmitriy,https://coinsheet.substack.com/,https://twitter.com/Dmitriysz
Coinstack,Ryan Allis ,https://coinstack.substack.com/,https://twitter.com/coinstackcrypto
Conelink,Conelink,https://conelink.substack.com/,https://twitter.com/cone_link
Consumer Startups,Leo Luo,https://www.consumerstartups.com/,https://twitter.com/B2Cstartups
Conversations,Romain Figuerero,https://figue.substack.com/,
Crab Notes,lobsterdao,https://lobsters.substack.com/,https://twitter.com/10b57e6da0
Creating Value from Nothing,George Markoulakis,https://creatingvalue.substack.com/,https://twitter.com/bolu
Credo,Credo,https://credov.substack.com/,https://twitter.com/Credo__V
crv.mktcap.eth,Keep Ahead of the Curve,https://curve.substack.com/,https://twitter.com/CurveCap
Cryptechie,Nakul Gupta ,https://www.cryptechie.com/,
Cryptex Finance Weekly Newsletter,,https://cryptex.substack.com/,
Crypto Data Bytes,Crypto Data Bytes,https://read.cryptodatabytes.com/,https://twitter.com/cryptodatabytes
Crypto is Easy: Insights for Profitable Investors,,https://cryptoiseasy.substack.com/,
Crypto is Macro now,Noelle Acheson,https://noelleacheson.substack.com/,https://twitter.com/NoelleInMadrid
Crypto Jeter,Austin Jeter,https://cryptojeter.substack.com/,https://twitter.com/CryptoJeter
Crypto Koryo’s Substack,https://cryptokoryo.substack.com/,https://cryptokoryo.substack.com/,https://twitter.com/CryptoKoryo
Crypto Market Frameworks,0xHamZ,https://0xhamz.substack.com/,https://twitter.com/0xHamz___
Crypto Marketing Hacks,DOT Ads,https://blog.dotaudiences.com/?utm_source=homepage_recommendations&utm_campaign=888194,https://twitter.com/dotaudiences
Crypto Monkey Blog,Katja,https://cryptomonkeyblog.substack.com/,
Crypto Narratives,Viktor,https://cryptonarratives.substack.com/,https://twitter.com/thedefivillain
Crypto Pragmatist by M6 Labs,M6 Labs,https://momentum6.substack.com/,
Crypto Profits,Rohas Nagpal,https://cryptoprofits.substack.com/,https://twitter.com/rohasnagpal
Crypto Stoics,Crypto Gideon ,https://cryptostoics.substack.com/,https://twitter.com/CryptoGideon_
Crypto Trader Digest,Arthur Hayes,https://cryptohayes.substack.com/,https://twitter.com/CryptoHayes
Crypto Yusaku’s Newslettr,Crypto Yusaku,https://cryptoyusaku.substack.com/,https://twitter.com/YusakuCrypto
"Crypto, Distilled Pro","Crypto, Distilled ",https://cryptodistilledpro.substack.com/,https://twitter.com/DistilledCrypto
crypto4.wtf,Crypto4.wtf,https://crypto4.wtf/,https://twitter.com/HanyangWang
Cryptocurrency and Friends,Patrick McCorry ,https://www.cryptofrens.info/,https://x.com/stonecoldpat0
Cryptocurrency Jobs,Daniel,https://cryptocurrencyjobs.substack.com/,https://twitter.com/jobsincrypto
CryptoSlate,CryptoSlate,https://cryptoslate.substack.com/,https://twitter.com/CryptoSlate
cryptostaker,cryptostaker,https://cryptostaker.substack.com/,https://twitter.com/cryptostaker22
Dappland: Last week in Starknet,Dappland,https://newsletter.dappland.com/,https://twitter.com/dapp_land
Datamcrypto’s Newsletter,Datamcrypto,https://datamcrypto.substack.com/,https://twitter.com/Datamcrypto
Dave’s Newsletter,davethewave,https://davethewave.substack.com/,https://twitter.com/davthewave
David’s Newsletter,David Barreto,https://dbarreto.substack.com/,https://twitter.com/barretodavid
debt DAO's Biweekly updates,Debt DAO ,https://debtdao.substack.com/,
Decentralised.co,"Saurabh, Joel John and Siddharth",https://www.decentralised.co/,https://twitter.com/Decentralisedco
DeepFiValue,Avraham Eisenberg,https://deepfivalue.substack.com/,https://twitter.com/avi_eisen
DeFi Education,DeFi Education,https://defieducation.substack.com/,https://twitter.com/BowTiedBull
DeFi HacLabs,Sunweb3sec,https://defihacklabs.substack.com/,https://twitter.com/1nf0s3cpt
Defi in Ether,sshshln,https://defiinether.substack.com/,https://twitter.com/sshshln
DeFi Jangle,Jangle,https://defijangle.substack.com/,https://twitter.com/defi_jangle
DeFi Pulse Farmer,DeFi Pulse,https://yieldfarmer.substack.com/,
DeFi Tutorials,Nodar,https://defitutorials.substack.com/,https://twitter.com/NodarJ
DeFiHackLabs’s Substack,SunWeb3Sec,https://defihacklabs.substack.com/,https://twitter.com/1nf0s3cpt
DefiMastery’s Substack,Defi Wanderer,https://defimastery.substack.com/,
Degen Code,BowTiedDevil,https://www.degencode.com/,https://twitter.com/BowTiedDevil
Dematerializd,Marc Baumann,https://www.dematerialzd.xyz/?utm_source=homepage_recommendations&utm_campaign=888194,https://twitter.com/marcb_xyz
Dematerializd - Web3 for Business,Marc Baumann,https://www.dematerialzd.xyz/,https://twitter.com/marcb_xyz
DigitalOil,0xDigitalOil ,https://0xdigitaloil.substack.com/,
Digitized by Collab+Currency,Collab,https://ccdigitized.substack.com/,https://twitter.com/digitizedweekly
Dirt Roads,Luca Prosperi,https://dirtroads.substack.com/,https://twitter.com/LucaProsperi
Dissecting DeFi Protocols,0xkowloon,https://0xkowloon.substack.com/,https://twitter.com/0xkowloon
Distributed Research,Muhammad Yusuf,https://distributedresearch.substack.com/,https://twitter.com/yusufxzy
Dot Leap,,https://w3f.substack.com/,
Dove Dispatch,Pierre Chuzeville ,https://dovemountain.substack.com/,
Dreams of Electric Sheep,Anirudh Pal,https://electricsheep.substack.com/,https://twitter.com/ani_pai
Drunk on DeFi,Deebs DeFi,https://deebsdefi.substack.com/,https://twitter.com/Deebs_DeFi
Dune Digest,Dune,https://dunedigest.substack.com/,https://twitter.com/DuneAnalytics
Dynamo DeFi,Dynamo,https://dynamodefi.substack.com/,https://twitter.com/Dynamo_Patrick
Ecoinometrics,Ecoinometrics,https://ecoinometrics.substack.com/,https://twitter.com/ecoinometrics
Economics Design,Lisa JY Tan,https://www.newsletter.economicsdesign.com/,https://twitter.com/lisajytan
Eda's Substack,Eda,https://edatweets.substack.com/,https://twitter.com/edatweets_
Edmund’s GameFi,Edmund Tong,https://edmundtong.substack.com/,
Elad Blog,Elad Gil,https://blog.eladgil.com/,https://twitter.com/eladgil
Espresso,Espresso,https://jarvislabs.substack.com/,https://twitter.com/MrBenLilly
Exponential View,Azeem Azhar,https://www.exponentialview.co/,https://twitter.com/azeem
Factor Academy,Factor DAO,https://factordao.substack.com/,https://twitter.com/FactorDAO
Fairyproof,Fairyproof,https://fairyproof.substack.com/,https://twitter.com/FairyproofT
Farming for Lunch Money with YJN58,Yohaan John Neroth ,https://yjn58.substack.com/,
Fintech Brain Food,Simon Taylor,https://sytaylor.substack.com/,https://twitter.com/sytaylor
Fintech Business Weekly,Jason Mikula,https://fintechbusinessweekly.substack.com/,https://twitter.com/mikulaja
fintech takes,fintech takes,https://newsletter.fintechtakes.com/,https://twitter.com/FintechTakes
fintech_devs Newsletter,fintech_devs,https://fintechdevs.substack.com/,
First 1000,Ali Abouelatta,https://read.first1000.co/,https://twitter.com/abouelatta_ali
Flowverse,Flowverse,https://flowverse.substack.com/,https://twitter.com/flowverse_
fortiq,fortiq,https://fortyiq.substack.com/,https://twitter.com/fortyiq
FounDAOtion,FounDAOtion,https://rarifoundation.substack.com/,https://twitter.com/rarifoundation
FREE GAME,dan,https://danuptop.substack.com/,https://twitter.com/dan_uptop
From PhD Research in DeFi,Krzysztof Gogol,https://gogol.substack.com/,https://twitter.com/krzysgogol
Frost Byte,Ellie Frost,https://frostbyte.substack.com/,https://twitter.com/EllieFrost
Gaming Chronicles,Raiden,https://www.ggchronicles.com/,https://twitter.com/ggchronicles_
"Genuine Impact - Charting Finance, Investing & Tech",Genuine Impact ,https://genuineimpact.substack.com/,https://twitter.com/genuine_impact
gm gamers,Apix,https://gmgamers.substack.com/,https://twitter.com/apixtwts
GMX News,GMX,https://gmxio.substack.com/,https://twitter.com/GMX_IO
Godwoken’s Newsletter,godwoken,https://godwoken.substack.com/,https://twitter.com/GodwokenRises
Gokhshtein Unfiltered,David Gokhsthein,https://gokhshtein.substack.com/,https://twitter.com/davidgokhshtein
Goldfinch,Goldfinch,https://goldfinch.substack.com/,https://twitter.com/goldfinch_fi
Governors,Nick Narghi,https://governors.substack.com/,https://twitter.com/0xNN2
grace’s Substack,grace deng,https://gracedeng.substack.com/,
Growing Web3 by Safary,Safary Club,https://blog.safary.club/p/reinventing-community-led-growth,https://twitter.com/jkey_eth
handle.fi,handle.fi,https://blog.handle.fi/,https://twitter.com/handle_fi
HangukQuant,HangukQuant,https://hangukquant.substack.com/,https://twitter.com/HangukQuant
HashingBits,QuillAudits,https://www.newsletter.quillaudits.com/,https://twitter.com/QuillAudits
https://hfaresearch.substack.com/,Taiki Maeda,https://hfaresearch.substack.com/,https://twitter.com/TaikiMaeda2
High Frequency,NOISE DAO ,https://noisedao.substack.com/,
Hornbull | Substack,Shuvam ,https://hornbull.substack.com/,
Houck’s Newsletter,Michael Houck,https://www.houcksnewsletter.co/,https://twitter.com/callmehouck
Identosphere,IdentityWoman,https://identospherebcb.substack.com/,https://twitter.com/IdentityWoman
Ignas,DeFi Research,https://www.ignasdefi.com/,https://twitter.com/DefiIgnas
In Deep Water,sealaunch ,https://sealaunch.substack.com/,https://twitter.com/SeaLaunch_
"In the future, everyone will be famous for 15Mb",David G.W. Birch,https://dgwbirch.substack.com/,https://twitter.com/dgwbirch
Incentivized,yuga.eth,https://incentivized.substack.com/,https://twitter.com/yugacohler
Influence MMO,Influence,https://influenceth.substack.com/,https://twitter.com/influenceth
Inside Web3 │ By Julian Ivaldy,Julian Ivaldy,https://insideweb3.substack.com/,https://twitter.com/julianivaldy
Insightful Insiders,Insidrs,https://insightfulinfo.substack.com/,https://twitter.com/info_insightful
Integral,Professor J.E.Y.,https://integral.substack.com/,https://twitter.com/integral_crypto
Investing 101,Kyle Harrison,https://investing1012dot0.substack.com/,https://twitter.com/kwharrison13
investing.io,investing.io,https://investing.substack.com/,https://twitter.com/Travis_Jamison
Jake’s Crypto Threads,Jake Pahor,https://jakepahor.substack.com/,https://twitter.com/jake_pahor
Jamm Session,Brian Flynn ,https://jammsession.substack.com/,
Kerman Kohli,Kerman Kohli,https://kermankohli.substack.com/,https://twitter.com/kermankohli
Jon’s newsletter,Jon Charbonneau,https://joncharbonneau.substack.com/,https://twitter.com/jon_charb
K33 Research,Arcane Research,https://k33research.substack.com/,https://twitter.com/K33Research
Kaloh’s Newsletter,Kaloh,https://www.kaloh.xyz/,https://twitter.com/Kaloh_nft
Kazm Blog,https://kazm.substack.com/,https://kazm.substack.com/,https://twitter.com/kazmapp
knower's substack,knower,https://theknower.substack.com/,https://twitter.com/knowerofmarkets
Krugermacro,Alex Kruger,https://krugermacro.substack.com/,https://twitter.com/krugermacro
Kydo's Research Log,Kydo,https://kydo.substack.com/,https://twitter.com/0xkydo
L2IV Research,L2IV,https://l2ivresearch.substack.com/,https://twitter.com/l2iterative
Leapfrog Crypto,shivsak,https://shivsak.substack.com/,https://twitter.com/shivsakhuja_
Let’s Fucking Build,Vlad,https://letsfuckingbuild.co/,https://twitter.com/0xVladimir
Lex_Node’s Official,lex_node,https://lexnode.substack.com/,https://twitter.com/MetaLeX_Labs
LexNews+,LexDAO,https://lexdao.substack.com/,https://twitter.com/lex_DAO
LI.FI,LI.FI,https://lifi.substack.com/,https://twitter.com/lifiprotocol
Linn’s Leverage,Linn’s Leverage,https://linns.substack.com/,twitter.com/crypto_linn
Little Futures,Brian Dell,https://littlefutures.substack.com/,https://twitter.com/tomcritchlow
LlamaRisk,Llama,https://cryptorisks.substack.com/,https://twitter.com/LlamaRisk
M31Capital,Nathan Montone,https://m31capital.substack.com/,
Machine Learning & Quant Finance,Derek Snow,https://blog.ml-quant.com/,https://x.com/dereknow
MacroTactical Crypto,Brent Donnelly,https://mtcbd.substack.com/,https://twitter.com/donnelly_brent
Magic Eden,Magic Eden,https://blog.magiceden.io/,
Malik’s Substack,Malik Hadjri,https://hadjri.substack.com/,https://twitter.com/malikhadjri_
Manifold,Eric Diep ,https://manifoldxyz.substack.com/,https://twitter.com/ediep
Manuel’s Newsletter,Manuel Cornu,https://manuelcornu.substack.com/,
Marc Andreesen Substack,Marc Andreesen,https://pmarca.substack.com/,https://twitter.com/pmarca
Market Sentiment,Market Sentiment,https://www.marketsentiment.co/,https://twitter.com/mkt_sentiment
Maven11 Research,Maven11,https://maven11.substack.com/,https://twitter.com/Maven11Capital
Maxfield on Banks,John Maxfield,https://www.maxfieldonbanks.com/,https://twitter.com/MaxfieldOnBanks
MetaLeX Newsletter,Gabriel Shapiro,https://metalex.substack.com/,https://twitter.com/MetaLeX_Labs
MetaPortal,AG ,https://metaportal.substack.com/,https://twitter.com/MetaPortal_DAO
Metaversal (by Bankless),William M. Peaster,https://metaversal.banklesshq.com/?utm_source=substack&utm_medium=web&utm_campaign=profile_page,https://twitter.com/BanklessHQ
Metaversus,Ryan Foo,https://metaversus.substack.com/,https://twitter.com/metaversusgames
Mhonkasalo,Mhoknkasalo,https://mhonkasalo.substack.com/,https://twitter.com/mhonkasalo
Michael’s Substack,Michael Bauwens,https://4thgenerationcivilization.substack.com/,https://twitter.com/mbauwens
Mindful DeFi,Hercules,https://herculesdefi.substack.com/,https://twitter.com/Hercules_Defi
Misaka’s Newsletter,Misaka,https://misaka.substack.com/,https://twitter.com/0xmisaka
Modular Media,Modular Media,https://modularmedia.substack.com/,https://twitter.com/modularmedia_
Monad,Keone,https://monadlabs.substack.com/,https://twitter.com/monad_xyz
mrjasonchoi on crypto,Jason Choi,https://jasonchoi.substack.com/,
mteam88’s Writings,mteam88,https://mteam88.substack.com/,
MZTACAT’s Substack,MZTACAT,https://mztacat.substack.com/,https://twitter.com/mztacat
Nat Eliason’s Essays,Nat Eliason,https://blog.nateliason.com/,https://twitter.com/nateliason
Nat's Crypto Newsletter,,https://crypto.nateliason.com/,
Nat’s Crypto Newslettr,Nat Eliason,https://crypto.nateliason.com/,https://twitter.com/nateliason
Netsphere Pop,Joanna Frota Kurkowska,https://netspherepop.substack.com/,https://twitter.com/frotograf
Newf’s Newsletter,Noah Newfield,https://nnewfield.substack.com/,https://twitter.com/NoahNewfield
Nonlinear,Eli Qian,https://eliqian.substack.com/,https://twitter.com/eliqiann
Noo Type Nation,Kiba Gateaux,https://nootype.substack.com/,https://twitter.com/KibaGateaux
NoSleep,Jon,https://nosleep.substack.com/,https://twitter.com/nosleepjon
Not Boring,Packy,https://www.notboring.co/,https://twitter.com/packyM
noxx,noxx,https://noxx.substack.com/,https://twitter.com/noxx3xxon
Odin Free’s Substack,odin_free,https://odinfree.substack.com/,https://twitter.com/odin_free
OG’s Postcard,OG,https://ogclubdao.substack.com/,https://twitter.com/OgclubDAO
On Chain Times,Thor ,https://www.onchaintimes.com/,https://twitter.com/ThorHartvigsen
On Substack,Substack Writers,https://on.substack.com/,
Once-in-a-species,Jesse Myers,https://www.onceinaspecies.com/,https://twitter.com/Croesus_BTC
Onchain Wizard's Cauldron,https://onchainwizard.substack.com/,https://onchainwizard.substack.com/,https://twitter.com/OnChainWizard
Onchain Wizard’s Cauldron,Onchain Wizard,https://onchainwizard.substack.com/,https://twitter.com/OnChainWizard
OneTrueKirk,Kirk Hutchison,https://onetruekirk.substack.com/,
Other Internet,Other Internet,https://otherinternet.substack.com/,https://twitter.com/otherinternet__
Our Network,Our Network,https://www.ournetwork.xyz/,https://twitter.com/ournetwork__
Ouroborous Substack,Ouroborous Capital,https://ouroborosresearch.substack.com/,https://twitter.com/OuroborosCap8
Outsideness Newsletter,Zero Philosophy,https://zerophilosophy.substack.com/,https://twitter.com/Outsideness
Overpriced JPEGs,Web3 Academy,https://jpegs.banklesshq.com/,https://twitter.com/overpricedjpegs
Overshring,Ali Griswold,https://oversharing.substack.com/,https://twitter.com/alisongriswold
Page One,Page One,https://pageone.gg/,https://twitter.com/PageOne_Eth
Palm Report,Poolsuite,https://www.palm.report/,https://twitter.com/palmreport
Parsec Research,Parsec,https://parsec.substack.com/,https://twitter.com/parsec_finance
Perpetual Protocol,Perpetual Protocol,https://perpetualprotocol.substack.com/,https://twitter.com/Perp_hindi
Platformer,Casey Newton,https://platformer.substack.com/,https://twitter.com/CaseyNewton
Playground,Chris McCann,https://playgroundsol.substack.com/,https://twitter.com/PlaygroundSOL_
Pull’s Substack,Pull To Par,https://pulltopar.substack.com/,https://twitter.com/Pulltopar
Real Agency,Real Agency,https://re3w.substack.com/,https://twitter.com/RealAgencyHQ
Real E Chain,,https://realechain.substack.com/,
Realms: week in review,Realms,https://thelootherald.substack.com/,https://twitter.com/heraldofloot
Redacted’s Substack,Redacted,https://redactedres.substack.com/,https://twitter.com/RedactedRes
Redphonecrypto,Redphonecrypto,https://redphone.substack.com/archive,https://twitter.com/redphonecrypto
Reflexivity Round Up,Reflexivity Research,https://reflexivityresearch.substack.com/,https://twitter.com/reflexivityres
Rekt Capital Newslettr,Rekt,https://rektcapital.substack.com/,https://twitter.com/rektcapital
Remains of the Day,Eugene Wei,https://eugenewei.substack.com/,https://twitter.com/eugenewei
Renegade,Chris Bender,https://substack.renegade.fi/,https://twitter.com/chrisliambender
ReveloIntel,Revelo,https://revelointel.substack.com/,https://twitter.com/ReveloIntel
Ribbonfarm Studio ,Venkat,https://studio.ribbonfarm.com/,https://twitter.com/vgr
ric.eth,ric.eth,https://ricburton.substack.com/,https://twitter.com/ricburton
Risky Biz News,Risky.Biz,https://riskybiznews.substack.com/,https://twitter.com/campuscodi
Rob Henderson’s Newsletter,Rob Henderson,https://www.robkhenderson.com/,https://twitter.com/robkhenderson
Robbins Notes,Will Robbins,https://notes.willrobbins.org/,https://twitter.com/whrobbins
Robert Kodra,Robert,https://robertkodra.substack.com/,
S4mmy’s Web3 Snippets,S4mmyEth,https://s4mmyeth.substack.com/,https://twitter.com/S4mmyEth
Salazar Slytherin’s Locket,SSL,https://salazarslytherin.substack.com/,https://twitter.com/_SSLocket
SBF’s Substack,SBF,https://sambf.substack.com/,https://twitter.com/SBF_FTX
Scatter Brain,Sar Haribhakti,https://sarharibhakti.substack.com/,https://twitter.com/sarthakgh
Sec3,Sec3,https://sec3.substack.com/,https://twitter.com/sec3dev
Secureum,Rajeev,https://secureum.substack.com/,https://twitter.com/TheSecureum
Seven c newsletter,Seven c,https://sevenc.substack.com/,https://x.com/crypthoem
Shiro’s Alphas,Shiro ,https://cryptoshiro.substack.com/,https://twitter.com/CryptoShiro_
Shoal Research,Imajinl,https://www.shoal.gg/,https://twitter.com/Shoalresearch
Short Excerpts from Global Macro Investor,Raoul Pal,https://raoulpal.substack.com/,https://twitter.com/RaoulGMI
Simply Bitcoin Unfiltered,Simply Bitcoin,https://simplybitcoin.substack.com/,https://twitter.com/SimplyBitcoinTV
Smarx Weekly,Steve Marx,https://smarx.substack.com/,https://twitter.com/smarx
Something Interesting,KF,https://www.somethinginteresting.news/,https://twitter.com/knifefight
Spindl Blog,Antonio Garcia Martinez,https://blog.spindl.xyz/,twitter.com/spindl_xyz x.com/antoniogm
Stackup,hazim-j ,https://stackup.substack.com/,
Staking Insider,Staking Insider,https://newsletter.stakingrewards.com/,
Starknet Edu Newsletter,Manmit Singh,https://starknet.substack.com/,https://twitter.com/starknet
Starknet_Roundup,Starknet_OG,https://starknetroundup.substack.com/,https://twitter.com/Starknet_OG
Subconscious,Gordon Brander ,subconscious.substack.com,https://twitter.com/gordonbrander
Substack Reads,Substack,https://read.substack.com/,https://twitter.com/SubstackInc
SUCI Weekly Insight,SUCI DAO,https://sucidao.substack.com/,https://twitter.com/Suci_Community
Supercharged,Alchemy,https://alchemysupercharged.substack.com/,https://twitter.com/AlchemyPlatform
SuperJoostPlaylist,SuperJoost,https://superjoost.substack.com/,https://twitter.com/joosterizer
Swagtimus Newsletter,Testnet_Digger,https://swagtimus.substack.com/,https://twitter.com/Swagtimus
Swissblock insights,Swissblock,https://swissblock.substack.com/,https://twitter.com/Negentropic_
tactical_retreat’s stuff,tactical_retreat ,https://tactical.deepwaterstudios.xyz/,https://twitter.com/twitt_tr
Tally Newsletter,Tally,https://newsletter.tally.xyz/,https://twitter.com/tallyxyz
TechDev Newsletter,TechDev,https://techdev52.substack.com/,https://twitter.com/_TechDev52
Teng's Thoughts,Teng Yan ,https://tengsthoughts.com/,https://twitter.com/0xPrismatic
Terence’s Substack,Terence,https://terencechain.substack.com/,https://x.com/terencechain
The Age of Autonomy Update,Jake Ryan,https://jakeryan.substack.com/,https://twitter.com/TradecraftJake
The Alt Report,Alt Capital,https://altreport.substack.com/,
The Aspiring Degen,Degen Sensei ,https://degensensei.substack.com/,https://twitter.com/DegenSensei
The Average Joe’s Crypto,,https://avgjoescrypto.substack.com/,
The Bear Cave,Edwin Dorsey,https://thebearcave.substack.com/,https://twitter.com/StockJabber
The Bigger Picture,yb_effect,https://ybeffect.substack.com/,https://twitter.com/yb_effect
The Bitcoin Forecast,Willy Woo,https://willywoo.substack.com/,https://twitter.com/woonomic
The Bitcoin Layer,Nik Bhatia,thebitcoinlayer.substack.com,https://twitter.com/TheBitcoinLayer
The Black Swan,Route 2 Fl,https://route2fi.substack.com/,https://twitter.com/Route2FI
The Blockchain Income Report,The Blockchain Income Report,https://blockchainincomereport.substack.com/,https://twitter.com/LiebermanOhman
The Blockchain Sector With James Bachini,https://bachini.substack.com/,https://bachini.substack.com/,https://twitter.com/james_bachini
The Crypto Crew,,https://sabocrypto.substack.com/,
The Crypto Dojo,,https://brucey0x.substack.com/,
The Crypto Grimoire,,https://theodelarosa.substack.com/,
The Crypto Illuminati,,https://thecryptoilluminati.substack.com/,
The Cryptocalypse Chronicles,Michel de Cryptadamus,https://cryptadamus.substack.com/,https://twitter.com/Cryptadamist
The Curious Collector,The Curious Collector,https://www.curiouscollector.art/,https://twitter.com/CollectCurious
The Daily Degen,The Daily Degen,https://thedailydegen.substack.com/,https://twitter.com/thedailydegenhq
The Daily Gwei,Anthony Sassano,https://thedailygwei.substack.com/,https://twitter.com/sassal0x
The DeFi Investor,The DeFi Investor,https://www.thedefinvestor.com/,https://twitter.com/TheDeFinvestor
The DeFi Rollup,Ben Wilson,https://thedefirollup.substack.com/,https://twitter.com/TheDefiRollup
The future is nearer,Gokce,https://0xgokce.substack.com/,
The Gems Corner,Viktor DeFi,https://viktordefi.com/,https://twitter.com/ViktorDefi
The GRC Lab,Aron Lange,https://blog.grclab.com/,https://twitter.com/LangeAron
The Held Report,Dan Held,https://www.theheldreport.com/,https://twitter.com/danheld
The Informationist,James Lavish,https://jameslavish.substack.com/,https://twitter.com/jameslavish
The Last Bear standing,The last bear standing,https://www.thelastbearstanding.com/,https://twitter.com/LastBearStandng
The Lightning Lab,Lightning Labs,https://lightninglabs.substack.com/,https://twitter.com/lightning
The Litepaper,Lite ,https://www.litepaper.xyz/,https://twitter.com/LitecoinYagami
https://www.loop-news.com/,Loopify,https://www.loop-news.com/,
The Metapurser,,https://metapurser.substack.com/,
The Minty Brew,DeFiMinty,https://defiminty.substack.com/,https://twitter.com/DeFiMinty
The Modern World Builder,Eliot Couvat,https://eliotc.substack.com/,https://twitter.com/CDTEliot
The Mothership,hussufo,https://themothership.substack.com/,
The Optimist,By Subli_DeFi,https://optimismbysublidefi.substack.com/,https://twitter.com/Th3Optimist
The Overshoot,Matthew C. Klein,https://theovershoot.co/,https://twitter.com/M_C_Klein
The Pomp Letter,Pomp,https://pomp.substack.com/,https://twitter.com/APompliano
The Ranch,Llama,https://llama.substack.com/,https://twitter.com/llama
The Split,Turner Novak,https://www.thespl.it/,https://twitter.com/TurnerNovak
The Superteam Blog,Scriblooooor,https://blog.superteam.fun/,https://twitter.com/superteamdao
The Variable,foobar ,https://0xfoobar.substack.com/,https://twitter.com/0xfoobar
The Web3 Envoy,raulonastool,https://raulonastool.substack.com/,
The Wolves DAO Files,Wolves DAO,https://wolvesdao.substack.com/,https://twitter.com/WolvesDAO
thedefiant.io,Thedefiant,https://thedefiant.substack.com/,https://twitter.com/DefiantNews
This is the top,Douglas A. Boneparth,https://thisisthetop.substack.com/,https://twitter.com/dougboneparth
This Week in Blockchain Research,ZK Capital,https://zkcapital.substack.com/,
This Week in Web3,TWIW3,https://weekinweb3.substack.com/,https://twitter.com/spacekayak
Three quarks,David Phelps,https://davidphelps.substack.com/,https://twitter.com/divine_economy
Tiger Research Reports,"Daniel Kim, Ryan Yoon, Yoon Lee",https://reports.tiger-research.com/,
Titan’s Substack,Titan,https://titanbuilder.substack.com/,https://twitter.com/titanbuilderxyz
Token Terminal,Token Terminal ,https://tokenterminal.substack.com/,
Token Watch,,https://tokens.substack.com/,
Tokenomics Newsletter,Florian Strauf,https://tokenomicsdao.substack.com/,https://twitter.com/tokenomicsdao
Topology’s Newsletter,Topology,https://topology.substack.com/,https://twitter.com/topology_gg
Trove’s Roundups,The Treasure Trove,https://trovefinance.substack.com/,https://twitter.com/trovefinance
Tyrogue’s Substack,Tyrogue’s Substack,https://www.degentyrogue.com/,https://twitter.com/TyrogueD
UnboxingLabs,Zoe,https://unboxinglabs.substack.com/,https://twitter.com/unboxingLabs
Unchained,Laura Shin,https://unchainedcrypto.substack.com/,https://twitter.com/laurashin
Uncharted Territories,Tomas Pueyo,https://unchartedterritories.tomaspueyo.com/,https://twitter.com/tomaspueyo
Unlocks Calendar,Unlocks,https://unlockscalendar.substack.com/,
Unorganized Memo,Brian Kang,https://nonorgmem.substack.com/,
useWeb3,useWeb3,https://useweb3.substack.com/,https://twitter.com/useWeb3
Variant,Variant and Dan Roberts,https://newsletter.variant.fund/,https://twitter.com/variantfund
VeradiVerdict,Paul Veraditakit,https://www.veradiverdict.com/,https://twitter.com/veradittakit
VerNews,Bob Ekkebus,https://vernews.substack.com/,
Vitalik’s Newsltter,Vitalik,https://vitalik.substack.com/,
Wale Drops,Wale ,https://waleswoosh.substack.com/,https://twitter.com/waleswoosh
Wealth Craft: Cyril's insight,Cyril,https://cyrilxbt.substack.com/,https://twitter.com/cyrilXBT
Web3 Builders,Web3 Builders ,https://web3builderspod.substack.com/,https://twitter.com/web3builderspod
Web3 Growth Chronicles,phillip_xyz,https://web3growthchronicles.substack.com/?utm_source=homepage_recommendations&utm_campaign=888194,https://twitter.com/phillip_xyz
web3 letter from a16zcrypto,a16z,https://a16zcrypto.substack.com/,https://twitter.com/a16zcrypto
Web3 with TPAN,TPAN,https://tpan.substack.com/?utm_source=homepage_recommendations&utm_campaign=2095458,https://twitter.com/TPan_Web3
Web3Brand | ,starzq,https://www.web3brand.io/,https://twitter.com/starzqeth
Web3sec News,Web3Sec News,https://web3secnews.substack.com/,https://twitter.com/__Raiders
Week in Ethereum News,Evan Van Ness,https://weekinethereum.substack.com/,https://twitter.com/evan_van_ness
Weekly Gauge,Paladin,weeklygauge.substack.com,https://twitter.com/Paladin_vote
Weekly Layer 2 and Modular Roundup,DeFi Saint,https://layer2m.xyz/,https://twitter.com/TheDeFISaint
Wisdom of DeFi,EigenPhi,https://eigenphi.substack.com/,https://twitter.com/eigenphi
Wu Blockchain,WuBlockchain,https://wublock.substack.com/,https://twitter.com/WuBlockchain
Yearn Finance Newsletter,Yearn Finance,https://yearn.substack.com/,https://twitter.com/softyearnfi
Your Crypto Community,Duo Nine⚡YCC ,https://www.yourcrypto.community/,https://twitter.com/DU09BTC
Zastrin Newsletter,Mahesh Murthy,https://zastrin.substack.com/,
Zero Knowledge Media,zerokn0wledge ,https://zkmedia.substack.com/,https://twitter.com/zerokn0wledge_
Zero Knowledge Podcast,Zero Knowledge Podcast,https://zeroknowledge.substack.com/,https://twitter.com/zeroknowledgefm
Zero's Dojo,ZERO IKA,https://zerosdojo.substack.com/,https://twitter.com/IamZeroIka
"Zima Red - Metaverse, tech, ideas",Andrew Steinwold ,https://andrewsteinwold.substack.com/,
ZKEX Newsletter,ZKEX,https://zkex.substack.com/,https://twitter.com/ZKEX_Official
zkMesh,Zero Knowledge Podcast,https://zkmesh.substack.com/,https://twitter.com/__zkhack__
,,,
,,,
,,,
,,,
,,,
,,,
,,,
,,,
,,,
,,,
,,,
,,,
,,,
,,,
,,,
,,,
,,,
,,,
,,,
,,,
,,,
,,,
,,,
,,,
musings on crypto & web3,dave stanton,https://davestanton.substack.com/,
,,,
ZenCaps: Your Weekly NFT Recap to Cut Through the Noise,,https://zencaps.substack.com/,
Bitcoin Tech Talk,Jimmy Song,https://jimmysong.substack.com/,https://twitter.com/jimmysong
BitcoinBen’s Substack,https://bitcoinben.substack.com/,https://bitcoinben.substack.com/,https://twitter.com/BB__CryptoClub
Blockchain Threat Intelligence,Blockchain Threat Intelligence,https://newsletter.blockthreat.io/,https://twitter.com/blockthreat
The blocmates Newsletter,The blocmates,https://blocmates.substack.com/,https://twitter.com/blocmatesdotcom
DeFi Yield Farming & NFT Substack,"Scar, Hyena, Shinobi ",https://yieldfarming.substack.com/,https://x.com/BowTiedHyena
Fidenza Macro,Geo Chen,https://fidenza.substack.com/,https://twitter.com/fidenzamacro
The Fintech Blueprint,Lex Sokolin,https://lex.substack.com/,https://twitter.com/LexSokolin
FranklinDAO Research,FranklinDAO,https://franklindao.substack.com/,https://twitter.com/franklin_dao
In Bitcoin We Trust Newsletter,Sylvain Saurel,https://inbitcoinwetrust.substack.com/,https://twitter.com/ssaurel
Real World DeFi - The Elephant in the Room,Octavio Not Punk,https://octavionotpunk.substack.com/,
Thanefield Research,An Ape's Prologue,https://thanefield.substack.com/,https://twitter.com/ThanefieldRes
Things I Write.,Adam Draper ,https://www.adamdraper.vc/,https://twitter.com/AdamDraper
Today in DeFi,𝕯𝖆𝖓𝖌𝖊𝖗,https://www.todayindefi.com/,https://twitter.com/todayindefi
Trading Research Hub,pedma,https://pedma7.substack.com/,https://twitter.com/pedma7
web3 Research JAPAN,mitsui,https://www.web3researchjapan.com/,
,,,
https://cryptouf.substack.com/,Cryptouf ,https://cryptouf.substack.com/,https://twitter.com/cryptouf
DefiCalendar Newsletter,DefiCalendar,https://www.deficalendar.xyz/,https://twitter.com/CalendarDefi
EthHub,Anthony Sassano,https://ethhub.substack.com/,https://twitter.com/ethhub_io
Last Mile DeFi,Dexible,https://dexible.substack.com/,https://twitter.com/DexibleApp
Quantbase Insights,Quantbase Investments,https://quantbase.substack.com/,https://twitter.com/quantbase_
ToolsForCrypto’s Newsletter,ToolsForCrypto ,https://toolsforcrypto.substack.com/,https://twitter.com/toolforcrypto
Zenalytics Crypto Trading,ThePrivacySmurf,https://zenalyticstrading.substack.com/,https://twitter.com/theprivacysmurf
DeFi Fridays,DeFi Fridays ,https://defifridays.substack.com/,https://twitter.com/brew_defi
investrly,Michael Rippe,https://investrly.substack.com/,https://twitter.com/MichaelRippe
Scaling Up,Anna Judd ,https://annajudd.substack.com/,https://twitter.com/ScalesNFT
Semi-Lucid Thoughts,0xsmac,https://0xsmac.substack.com/,https://twitter.com/0xsmac
Standard Crypto: The Newsletter,Standard Crypto,https://standardcrypto.substack.com/,https://twitter.com/standardcrypto
Wisdom of DeFi by EigenPhi,EigenPhi,https://eigenphi.substack.com/,https://twitter.com/eigenphi
The Blockend Developer,Vitto Rivabella ,https://vittostack.substack.com/,
DeFiToday,DeFi Today,https://defitoday.substack.com/,https://twitter.com/todaydefi
Developer DAO,myz1237 ,https://developerdao.substack.com/,https://twitter.com/developer_dao
,,,
Linn's Leverage,Linn's Leverage,https://linns.substack.com/,https://twitter.com/crypto_linn
Polygon Alpha Podcast hosted by Crypto Texan,Crypto Texan,https://polygonalpha.substack.com/,https://twitter.com/Crypto_Texan
Stanford Blockchain Review,Stanford Blockchain Club ,https://review.stanfordblockchain.xyz/,https://twitter.com/StanfordCrypto
useWeb3 · Web3 development,Wesley,https://useweb3.substack.com/,https://twitter.com/useWeb3
Coin Club,Shubha Shukla ,https://www.coinclub.news/,https://twitter.com/coinclub_
Consumer Crypto (Josh's Version),Josh ,https://joshcornelius.substack.com/,https://twitter.com/joshcrnls
Data Always.,Tripoli ,https://dataalways.substack.com/,https://twitter.com/data_always
https://ideamarkets.substack.com/,Mike Elias ,https://ideamarkets.substack.com/,https://twitter.com/harmonylion1
HangukQuant’s Newsletter,HangukQuant,https://hangukquant.substack.com/,https://twitter.com/HangukQuant
Scenius,Scenius,https://sceniuscapital.substack.com/,https://twitter.com/SceniusCapital
Ethropy,Adam,https://ethropy.substack.com/,
The Sei Sustenance,FarmerTuHao,https://theseisustenance.substack.com/,https://twitter.com/FarmerTuHao
https://blockpartynews.substack.com/,https://blockpartynews.substack.com/,https://blockpartynews.substack.com/about,https://x.com/Blockparty
The Case For Bitcoin,Rhythm Trader ,https://rhythmofbitcoin.substack.com/,
The Crypto Cactus,Cactus ,https://cryptocactus.substack.com/,https://x.com/thecryptocactus
Dose of DeFi,Chris Powers,https://doseofdefi.substack.com/,https://x.com/powers_chris
My Two Gwei,dex.blue,https://mytwogwei.substack.com/,
NFT co,shivvo,https://nftco.substack.com/,
Seeking Yield,Staked,https://staked.substack.com/,
Versi Kripto Visi,Kripto Visi,https://kriptovisi.substack.com/,
"zin, esq.",Evan Zinaman,https://zzzin.substack.com/,
Coinvise Learn,Eliot,https://coinvise.substack.com/,
Dot Pulse,DeFinn,https://dotpulse.defipulse.com/,
DotLeap,Bruno Škvorc,https://newsletter.dotleap.com/,https://x.com/DotLeap
Fifty Finney,Seun,https://fiftyfinney.substack.com/,https://x.com/FiftyFinney
Fintech Inside,Osborne Saldanha,https://fintechinside.substack.com/,https://x.com/os7borne
Francesco's Joint,https://fraxcesco.substack.com/,https://fraxcesco.substack.com/,
Front Month,Hide Not Slide,https://frontmonth.substack.com/,
Fungible Thoughts,Fungi Alpha,https://louiscooper.substack.com/,
Gevulot Blog,Gevulot,https://blog.gevulot.com/,https://x.com/gevulot_network
Glassnode: The Market Compass,Glassnode,https://glassnode1.substack.com/,https://x.com/glassnode
https://blog.safary.club/,Safary ,https://blog.safary.club/,https://x.com/Safaryclub
JustCrypto,Lou Kerner,https://cryptomondays.substack.com/,https://x.com/loukerner
JustCrypto by Lou Kerner, Lou Kerner's Just Crypto,https://justcrypto.substack.com/,
https://writing.kunle.app/,Kunle,https://writing.kunle.app/,https://x.com/ay_o
Let's Fucking Build by Jericho,Vlad,https://letsfuckingbuild.co/,https://x.com/0xVladimir
Letters to Web3,Michael Macaulay,https://letterstoweb3.substack.com/,https://x.com/shreyabadonia
LI.FI - The Cross-Chain Insider Newsletter,LI.FI ,https://lifi.substack.com/,https://x.com/lifiprotocol
Li's Newsletter,Li Jin,https://www.lisnewsletter.com/,https://x.com/ljin18
Meltem Writes Things,Meltem Demirors,https://meltdem.substack.com/,
Moby NFT Insights,Moby — Real time NFT insights,https://moby.substack.com/,
Nader's Thoughts,Nader Dabit ,https://nader.substack.com/,https://x.com/dabit3
Nanoly,Nanoly ,https://coindix.substack.com/,https://x.com/0xCoindix
NFT Review,gbaci and Bruno Škvorc ,https://news.nft.review/,https://x.com/gbaciX
offchain data,Lauren Stephanian,https://offchaindata.substack.com/,https://x.com/lstephanian
Param.eth’s Newsletter,Param.eth ᵍᵐ ,https://parameth.substack.com/,
poof.gripe,poof ,https://www.poof.gripe/,https://x.com/poof_eth
radbro webring official,radbro webring ,https://radbro.substack.com/,https://x.com/radbro_webring
Read Max,Max Read,https://maxread.substack.com/,https://x.com/readmaxread
Salazar Slytherin’s Locket,Salazar Slytherin ,"https://www.sslocket.com/, https://salazarslytherin.substack.com/",https://x.com/0xSalazar
Serenity Research,Kane,https://serenityresearch.substack.com/,https://x.com/SerenityFund
The Depths,rain&coffee,https://rainandcoffee.substack.com/,https://x.com/0xRainandCoffee
https://instadapp.substack.com/,Instadapp Labs ,https://instadapp.substack.com/,https://x.com/InstaDApp
The Modern World Builder ✧Tips For Collective Lorecraft,Eliot Couvat,https://eliotc.substack.com/,https://x.com/CDTEliot
The Quant Stack,Quant Arb,https://www.algos.org/,https://x.com/quant_arb
Unblocked Report,Brian A,https://onunblocked.substack.com/,
Valiant Research,VR,https://valiantresearch.substack.com/,
Wallfacer Labs,tylerw ,https://wallfacerlabs.substack.com/,https://x.com/0x7477
Hello DeFi !!,Kei,https://keiblog.substack.com/,https://x.com/keiblog_eth
24 Hrs In Crypto,FRNT Financial,https://frnt.substack.com/,https://x.com/FRNT_Financial
anon753’s Substack,anon753,https://anon753.substack.com/,
BG Shipping Log,BuildGuild,https://buidlguidl.substack.com/,https://twitter.com/buidlguidl
Chung’s Substack,Chung,https://chungdailynote.substack.com/,https://twitter.com/cchungccc
CR3 Labs,CR3 Labs,https://blog.cr3labs.com/,
DeFi Protocol by code,Bloqarl,https://defiprotocolbycode.substack.com/,https://twitter.com/TheBlockChainer
ETH Gathering Newsletter,ETH Gathering,https://ethgathering.substack.com/,
ETHMumbai,https://ethmumbai.substack.com/,https://ethmumbai.substack.com/,
NFT’s Substack,NFTMami ,https://nftmami.substack.com/,
Permabullish Banter,Permabull Nino,https://permabullnino.substack.com/,https://twitter.com/PermabullNino
Playbook by Kalder,Kalder,https://kalder.substack.com/,https://twitter.com/kalder_xyz
Proof of James,James Prestwich,https://prestwich.substack.com/,https://twitter.com/_prestwich
REKT,REKT,https://rekt.substack.com/,https://twitter.com/bneiluj0
Stack your blockchain knowledge,sm-stack,https://smstack.substack.com/,https://twitter.com/StackDigest
The Hangry Hodler,,https://kindahangryy.substack.com/,https://twitter.com/kindahangry
This Week in Custody,Philip Glazman,https://cryptocustody.substack.com/,https://twitter.com/philipglazman
Vincent’s Corner,Vincent Launay,https://vincentlaunay.substack.com/,https://twitter.com/VincentLaunay
CougarDAO LLC,Nick Rishwain ,https://cougardao.substack.com/,https://twitter.com/CougarDao
https://juanpabloaranovich.substack.com/,Juan Aranovich,https://juanpabloaranovich.substack.com/,https://twitter.com/Juampiaranovich
Ethereum 2077,Emmanuel Awosika,https://ethereum2077.substack.com/,https://x.com/eawosikaa
Midas Research,Midas Capital ,https://midascapital.substack.com/,https://x.com/0x8104
The Arkis Times,Arkis ,https://arkis.substack.com/,
On-Chain College,On-Chain College,https://onchaincollege.substack.com/,https://x.com/OnChainCollege
Proof Of Track,msfew,https://www.proofoftrack.xyz/,https://x.com/ProofOfTrack
,,,
deJÖN | DeFi ve Bitcoin 💊,deJÖN | DeFi ve Bitcoin ,https://dejondefi.substack.com/,https://x.com/dejondefi
The Crypto Journal,Tudor-Radu Barbu,https://thecryptojournal.substack.com/,https://x.com/CryptoJournal10
Weekly DeFi Report by Octave,Octavio Not Punk,https://notrisk.substack.com/,https://x.com/OctavioNotPunk
chainEDGE Unlock Lab,Onchain Wizard,https://unlocklab.substack.com/,
Doors Like This,Gwart,https://gwart.substack.com/,
,,,
,,,
,,,
,,,
,,,
,,,
,,,
,,,
,,,
TaiwanQuant's Newsletter,TaiwanQuant ,https://www.taiwanquant.dev/,https://x.com/TaiwanQuant
The price of agency,Barnabé Monnot,https://barnabe.substack.com/,https://x.com/barnabemonnot
The Pull Request,Antonio García Martínez,https://www.thepullrequest.com/,
,,,
,,,
The Cross Chain Weekly,Cross Chain Coalition,https://crosschaindev.substack.com/,
,,,
Sm4rty,Samrat Gupta,https://sm4rty.substack.com/,https://x.com/Sm4rty_
StableScarab Research,StableScarab,https://stablescarab.substack.com/,
,,,
,,,
,,,
,,,
The Crypto Coach,Sam Lehman,https://splehman.substack.com/,https://x.com/SPLehman
TowerWatch,BlockTower,https://blocktower.substack.com/,
,,,
Rejolut,,https://rejolutdotco.substack.com/,
Viktoria's Crypto Trading Lab,Viktoria Tsybko,https://viktoriatsybko.substack.com/,
The Oracle Report,Zoomer Oracle,https://zoomeroracle.substack.com/,https://x.com/ZoomerOracle
thecoreloop’s Substack,thecoreloop,https://thecoreloop.substack.com/,https://x.com/thecoreloop
Aspiring web3 dev,0xRusowsky,https://journal0xrusowsky.substack.com/,
Chain-Enabled,Vertalo,https://chainenabled.substack.com/,
DeFi Waves,Nik Pletikos,https://defiwaves.substack.com/,https://twitter.com/ethreasurer
Public Keys,Republic Crypto,https://republiccrypto.substack.com/,https://twitter.com/RepublicCrypto
Skill Tree,0xKepler,https://0xkepler.substack.com/,https://twitter.com/0xKepler452b
The Alpha Digest,toffee24.eth ,https://thealphadigest.substack.com/,https://twitter.com/thealphadigest
The Recap of th ePreviouy sDay on Starknet,Nurstar,https://nurstar.substack.com/,https://twitter.com/0xNurstar
Vulpine View,TJ,https://vulpine.substack.com/,https://twitter.com/Lempheter
Blockchain PM,Chris Remus,https://blockchainpm.substack.com/,
NiftyNoon’s Newsletter,SSPxLEO (0xg3.eth | Gio) ,https://niftynoon.substack.com,https://x.com/NiftyNoonNFT
Tioga Capital,https://tioga.substack.com/,https://tioga.substack.com/,https://x.com/TiogaCapital
ART HAUS WKLY,ART HAUS,https://artdothaus.substack.com/,
The GRYNING Times,The Gryning Times,https://thegryningtimes.substack.com/,https://x.com/Alexand40973876
The Hedge,,https://nexusmutual.substack.com/,https://x.com/TheCryptoHedge
Bitcoin Binge,Ethan Hunt,https://bitcoinbinge.substack.com/,https://x.com/bitcoinbinge
Helius,Mert,https://helius.substack.com/,https://x.com/0xmert_
Karthik's Crypto Takes,Karthik Senthil,https://learnhax.substack.com/,https://x.com/karsenthil
Stone Newsletter!,Ishikoro/SnackTime Inc.,https://ishicoro.substack.com/,https://x.com/ishicorodayo
2nd Brain VC,Julien,https://2ndbrainvc.substack.com/,
Aiko’s Newsletter,Aiko,https://aiko.substack.com/,https://twitter.com/AIKOlik
Back of the Envelope,Alana ,https://www.backoftheenvelope.xyz/,https://twitter.com/AlanaDLevin
CR1337 - Cryptocurrencies. Decentralization. Privacy.,Yannick,https://cr1337.substack.com/,https://twitter.com/cryptonator1337
Deer’s Diligence,Diligent Deer,https://diligentdeer.substack.com/,
Haotian-CryptoInsight’s Substack,Haotioan Cryptoinsight,https://haotiancryptoinsight.substack.com/,https://twitter.com/tmel0211
Living on Bitcoin,rare passenger,https://livingonbitcoin.substack.com/,https://twitter.com/rarepassenger
The Financial Liberation,,https://7digits.substack.com/,
Plaintext Capital,https://plaintextcapital.substack.com/,https://plaintextcapital.substack.com/,https://twitter.com/plaintext_cap
Verichains,Verichains ,https://blog.verichains.io/,https://twitter.com/Verichains
ElectraFi Insider,Electra Frost,https://blog.electrafi.finance/,https://twitter.com/Electra_Frost
Thot Takes,smol thots ,https://smolthots.substack.com/,https://x.com/smol_thots
Crypto Informer,Crypto Informer,https://cryptoinformer.substack.com/,https://x.com/cryptoinformer0
Etherbridge,Etherbridge ,https://etherbridge.substack.com/,https://x.com/etherbridge
Sun Tzu Academy 🧮,Sun Tzu Academy,https://suntzu.substack.com/,https://x.com/AvaxGems
PalAcademy Web3/NFT,PalAcademy,https://palacademy.substack.com/,https://x.com/PalAcademyNFT
A web3 researcher's soliloquy,ta1suke,https://newsletter.woorth.io/,https://x.com/ta1suke
EIP-2535 Diamonds,Nick Mudge,https://eip2535diamonds.substack.com/,https://twitter.com/mudgen
Ethercast Brasil Newsletter,Ethercast,https://ethercast.substack.com/,
Finstack,Julia Hubo ,https://finstack.substack.com/,
Future Mints ,Future Mints ,https://futurenftmints.substack.com/,https://twitter.com/futurenftmints
FutureX,Darshan Gandhi,https://darshang.substack.com/,https://twitter.com/DarshanG_
Mughal's Meta,Wajahat Mughal ,https://wajahatmughal.substack.com/,https://twitter.com/0xMughal
"oldcoin bad, newcoin good",jez,https://oldcoinbad.com/,https://twitter.com/izebel_eth
Orange Paper 橙皮书,leon,https://orangepaper.substack.com/,https://twitter.com/ksintmelody
Scaling Up,Craig Burel,https://scalingup.substack.com/,https://twitter.com/CraigBurel
Stoic’s Musings,Stoic,https://stoicsmusing.substack.com/,
The SNARK Age,O(1) Labs,https://snarkage.substack.com/,https://x.com/o1_labs
loomdart’s Substack,loomdart ,https://loomdart.substack.com/,https://x.com/loomdart
drakeondigital’s Newsletter,drakeondigital ,https://drakeondigital.substack.com/,https://x.com/drakeondigital
hibiki's Polygon Daily,Hibiki ひびき ,https://hibikiotonashi208.substack.com/,
The Data Nerd,The Data Nerd ,https://thenerd.substack.com/,https://x.com/theData_Nerd
Accelerated Capital,Accelerated Capital,https://acceleratedcapital.substack.com/,
InsiderPHD,Katie,https://insiderphd.substack.com/,https://twitter.com/InsiderPhD
Metaintro,https://metaintro.substack.com/,https://metaintro.substack.com/,
Solidity’s Substack,Solidity Academy,https://solidity101.substack.com/,https://twitter.com/solidity101
DAOmatch,DAOmatch,https://daomatch.substack.com/,https://twitter.com/DAOmatch
Surviving DeFi,Chris Blec,https://survivingdefi.substack.com/,
Omnichain Observations,David Attermann,https://omnida.substack.com/,https://x.com/atterX_
PHD Capital Research,PHD Capital ,https://phdcapital.substack.com/,
Build Now by Maton,Maton,https://buildnow.substack.com/,https://x.com/MatonNFT
Web3 Roundup,Andrew Chang,https://www.web3roundup.xyz/,https://twitter.com/Web3Roundup
https://fheorg.substack.com/,Rand Hindi,https://fheorg.substack.com/,https://x.com/randhindi
GamesTX,Jon Jordan,https://gamestx.substack.com/,https://x.com/blockchaingmg
NounsDAO Newsletter,https://substack.com/@nouns?utm_source=about-page,https://nouns.substack.com/,https://x.com/matyETH
1 of 1,Andrew Wang,https://the1of1.substack.com/,
https://arcx.substack.com/,ARCx ,https://arcx.substack.com/,
Evanss6’s Substack,Evanss6,https://evanss6.substack.com/,https://twitter.com/Evan_ss6
Evolution of Web3 Gaming,Derek Lau,https://web3games.substack.com/,
Max,Maswoox,https://maxcryptospace.substack.com/,https://twitter.com/MaxCryptoSpace
Re7 Research,Re7,https://re7research.substack.com/,https://twitter.com/Re7Capital
Secret Salsa,Secret Salsa,https://secretsalsa.substack.com/,https://twitter.com/SecretSalsa_
The Pendle Print,Ken Chia,https://pendlefi.substack.com/,https://twitter.com/pendle_fi
The Weekly DeFi Interest Rate Review,Notional Finance ,https://defirates.substack.com/,https://twitter.com/NotionalFinance
Write2Earn,Peary,https://cmsholdings.substack.com/,https://x.com/cmspeary
,,,
Dewhales Research,Dewhales Capital,https://dewhales.substack.com/,https://twitter.com/DewhalesCapital
Web 3.0 Job Roundups,Elvis Kolawole,https://web3jobs.substack.com/,https://twitter.com/elvissphnx
Swivel Finance,Julian Traversa,https://swivel.substack.com/,
Rebel Markets,Gannon Breslin,https://rebelmarkets.substack.com/,
Week in Ethereum News (ES),Week in Ethereum News (ES) ,https://weekinethereumnewses.substack.com/,https://x.com/Cypherpunkfish1
web3 Research GLOBAL,mitsui,https://www.global.web3research.io/,https://x.com/mitsui0x
beyondClub’s Substack,beyondClub JAPAN,https://beyondclubjp.substack.com/,
Hunter’s Edge,Hunter Solaire,https://huntersedge.substack.com/,https://x.com/huntersolaire_
Crypto Integrated,Crypto Integrated,https://www.cryptointegrat.com/,https://x.com/cryptointegrat
